"TABLE_NAME","COMMENTS"
"USER_CONS_COLUMNS","Information about accessible columns in constraint definitions"
"ALL_CONS_COLUMNS","Information about accessible columns in constraint definitions"
"USER_LOG_GROUP_COLUMNS","Information about columns in log group definitions"
"ALL_LOG_GROUP_COLUMNS","Information about columns in log group definitions"
"USER_LOBS","Description of the user's own LOBs contained in the user's own tables"
"ALL_LOBS","Description of LOBs contained in tables accessible to the user"
"USER_CATALOG","Tables, Views, Synonyms and Sequences owned by the user"
"ALL_CATALOG","All tables, views, synonyms, sequences accessible to the user"
"USER_CLUSTERS","Descriptions of user's own clusters"
"ALL_CLUSTERS","Description of clusters accessible to the user"
"USER_CLU_COLUMNS","Mapping of table columns to cluster columns"
"USER_COL_COMMENTS","Comments on columns of user's tables and views"
"ALL_COL_COMMENTS","Comments on columns of accessible tables and views"
"USER_COL_PRIVS","Grants on columns for which the user is the owner, grantor or grantee"
"ALL_COL_PRIVS","Grants on columns for which the user is the grantor, grantee, owner,
 or an enabled role or PUBLIC is the grantee"
"USER_COL_PRIVS_MADE","All grants on columns of objects owned by the user"
"ALL_COL_PRIVS_MADE","Grants on columns for which the user is owner or grantor"
"USER_COL_PRIVS_RECD","Grants on columns for which the user is the grantee"
"ALL_COL_PRIVS_RECD","Grants on columns for which the user, PUBLIC or enabled role is the grantee"
"ALL_ENCRYPTED_COLUMNS","Encryption information on all accessible columns"
"USER_ENCRYPTED_COLUMNS","Encryption information on columns of tables owned by the user"
"USER_INDEXES","Description of the user's own indexes"
"ALL_INDEXES","Descriptions of indexes on tables accessible to the user"
"USER_IND_COLUMNS","COLUMNs comprising user's INDEXes and INDEXes on user's TABLES"
"ALL_IND_COLUMNS","COLUMNs comprising INDEXes on accessible TABLES"
"USER_IND_EXPRESSIONS","Functional index expressions in user's indexes and indexes on user's tables"
"ALL_IND_EXPRESSIONS","FUNCTIONAL INDEX EXPRESSIONs on accessible TABLES"
"USER_JOIN_IND_COLUMNS","Join Index columns comprising the join conditions"
"ALL_JOIN_IND_COLUMNS","Join Index columns comprising the join conditions"
"USER_OBJECTS","Objects owned by the user"
"ALL_OBJECTS","Objects accessible to the user"
"USER_OBJECTS_AE","Objects owned by the user"
"ALL_OBJECTS_AE","Objects accessible to the user"
"USER_ROLE_PRIVS","Roles granted to current user"
"USER_SEQUENCES","Description of the user's own SEQUENCEs"
"ALL_SEQUENCES","Description of SEQUENCEs accessible to the user"
"USER_SYNONYMS","The user's private synonyms"
"ALL_SYNONYMS","All synonyms for base objects accessible to the user and session"
"USER_TABLES","Description of the user's own relational tables"
"USER_OBJECT_TABLES","Description of the user's own object tables"
"USER_ALL_TABLES","Description of all object and relational tables owned by the user's"
"ALL_TABLES","Description of relational tables accessible to the user"
"ALL_OBJECT_TABLES","Description of all object tables accessible to the user"
"ALL_ALL_TABLES","Description of all object and relational tables accessible to the user"
"USER_TAB_COLS","Columns of user's tables, views and clusters"
"ALL_TAB_COLS","Columns of user's tables, views and clusters"
"USER_TAB_COLUMNS","Columns of user's tables, views and clusters"
"ALL_TAB_COLUMNS","Columns of user's tables, views and clusters"
"USER_TAB_COMMENTS","Comments on the tables and views owned by the user"
"ALL_TAB_COMMENTS","Comments on tables and views accessible to the user"
"USER_TAB_PRIVS","Grants on objects for which the user is the owner, grantor or grantee"
"ALL_TAB_PRIVS","Grants on objects for which the user is the grantor, grantee, owner,
 or an enabled role or PUBLIC is the grantee"
"USER_TAB_PRIVS_MADE","All grants on objects owned by the user"
"ALL_TAB_PRIVS_MADE","User's grants and grants on user's objects"
"USER_TAB_PRIVS_RECD","Grants on objects for which the user is the grantee"
"ALL_TAB_PRIVS_RECD","Grants on objects for which the user, PUBLIC or enabled role is the grantee"
"USER_VIEWS","Description of the user's own views"
"ALL_VIEWS","Description of views accessible to the user"
"USER_VIEWS_AE","Description of the user's own views"
"ALL_VIEWS_AE","Description of views accessible to the user"
"USER_CONSTRAINTS","Constraint definitions on user's own tables"
"ALL_CONSTRAINTS","Constraint definitions on accessible tables"
"USER_LOG_GROUPS","Log group definitions on user's own tables"
"ALL_LOG_GROUPS","Log group definitions on accessible tables"
"USER_CLUSTER_HASH_EXPRESSIONS","Hash functions for the user's hash clusters"
"ALL_CLUSTER_HASH_EXPRESSIONS","Hash functions for all accessible clusters"
"USER_UPDATABLE_COLUMNS","Description of updatable columns"
"ALL_UPDATABLE_COLUMNS","Description of all updatable columns"
"USER_UNUSED_COL_TABS","User tables with unused columns"
"ALL_UNUSED_COL_TABS","All tables with unused columns accessible to the user"
"USER_PARTIAL_DROP_TABS","User tables with unused columns"
"ALL_PARTIAL_DROP_TABS","All tables with patially dropped columns accessible to the user"
"USER_RESUMABLE","Resumable session information for current user"
"USER_EDITIONING_VIEWS","Descriptions of the user's own Editioning Views"
"ALL_EDITIONING_VIEWS","Description of Editioning Views accessible to the user"
"USER_EDITIONING_VIEWS_AE","Descriptions of the user's own Editioning Views"
"ALL_EDITIONING_VIEWS_AE","Description of Editioning Views accessible to the user"
"USER_EDITIONING_VIEW_COLS","Relationship between columns of user's Editioning Views and the table columns to which they map"
"ALL_EDITIONING_VIEW_COLS","Relationship between columns of Editioning Views accessible to the user and the table columns to which they map"
"USER_EDITIONING_VIEW_COLS_AE","Relationship between columns of user's Editioning Views and the table columns to which they map"
"ALL_EDITIONING_VIEW_COLS_AE","Relationship between columns of Editioning Views accessible to the user and the table columns to which they map"
"ALL_EDITIONS","Describes all editions in the database"
"ALL_EDITION_COMMENTS","Describes comments on all editions in the database"
"USER_LIBRARIES","Description of the user's own libraries"
"ALL_LIBRARIES","Description of libraries accessible to the user"
"USER_PROCEDURES","Description of the user functions/procedures/packages/types/triggers"
"ALL_PROCEDURES","Functions/procedures/packages/types/triggers available to the user"
"ALL_STORED_SETTINGS","Parameter settings for objects accessible to the user"
"USER_STORED_SETTINGS","Parameter settings for objects owned by the user"
"USER_PLSQL_OBJECT_SETTINGS","Compiler settings of stored objects owned by the user"
"ALL_PLSQL_OBJECT_SETTINGS","Compiler settings of stored objects accessible to the user"
"ALL_ARGUMENTS","Arguments in object accessible to the user"
"USER_ARGUMENTS","Arguments in object accessible to the user"
"USER_ASSEMBLIES","Description of the user's own assemblies"
"ALL_ASSEMBLIES","Description of assemblies accessible to the user"
"USER_IDENTIFIERS","Identifiers in stored objects accessible to the user"
"ALL_IDENTIFIERS","All identifiers in stored objects accessible to the user"
"USER_DB_LINKS","Database links owned by the user"
"ALL_DB_LINKS","Database links accessible to the user"
"USER_RECYCLEBIN","User view of his recyclebin"
"USER_RESOURCE_LIMITS","Display resource limit of the user"
"USER_PASSWORD_LIMITS","Display password limits of the user"
"USER_USERS","Information about the current user"
"ALL_USERS","Information about all users of the database"
"ALL_DEF_AUDIT_OPTS","Auditing options for newly created objects"
"USER_OBJ_AUDIT_OPTS","Auditing options for user's own tables and views with atleast one option set"
"USER_AUDIT_TRAIL","Audit trail entries relevant to the user"
"USER_AUDIT_SESSION","All audit trail records concerning CONNECT and DISCONNECT"
"USER_AUDIT_STATEMENT","Audit trail records concerning  grant, revoke, audit, noaudit and alter system"
"USER_AUDIT_OBJECT","Audit trail records for statements concerning objects, specifically: table, cluster, view, index, sequence,  [public] database link, [public] synonym, procedure, trigger, rollback segment, tablespace, role, user"
"USER_SYS_PRIVS","System privileges granted to current user"
"USER_PROXIES","Description of connections the user is allowed to proxy"
"USER_TYPES","Description of the user's own types"
"ALL_TYPES","Description of types accessible to the user"
"USER_COLL_TYPES","Description of the user's own named collection types"
"ALL_COLL_TYPES","Description of named collection types accessible to the user"
"USER_TYPE_ATTRS","Description of attributes of the user's own types"
"ALL_TYPE_ATTRS","Description of attributes of types accessible to the user"
"USER_TYPE_METHODS","Description of methods of the user's own types"
"ALL_TYPE_METHODS","Description of methods of types accessible to the user"
"USER_METHOD_PARAMS","Description of method parameters of the user's own types"
"ALL_METHOD_PARAMS","Description of method parameters of types accessible
to the user"
"USER_METHOD_RESULTS","Description of method results of the user's own types"
"ALL_METHOD_RESULTS","Description of method results of types accessible
to the user"
"USER_SQLJ_TYPES","Description of the user's own types"
"ALL_SQLJ_TYPES","Description of types accessible to the user"
"USER_TYPE_VERSIONS","Description of each version of the user's types"
"ALL_TYPE_VERSIONS","Description of each type version accessible to the user"
"USER_PENDING_CONV_TABLES","All user's tables which are not upgraded to the latest type version"
"ALL_PENDING_CONV_TABLES","All tables accessible to the user which are not upgraded to the latest type version"
"USER_SQLJ_TYPE_ATTRS","Description of attributes of the user's own types"
"ALL_SQLJ_TYPE_ATTRS","Description of attributes of types accessible to the user"
"USER_SQLJ_TYPE_METHODS","Description of methods of the user's own types"
"ALL_SQLJ_TYPE_METHODS","Description of methods of types accessible to the user"
"USER_OLDIMAGE_COLUMNS","Gives all object tables and columns in old (8.0) image format"
"USER_NESTED_TABLE_COLS","Columns of nested tables"
"ALL_NESTED_TABLE_COLS","Columns of nested tables"
"ALL_DIRECTORIES","Description of all directories accessible to the user"
"USER_REFS","Description of the user's own REF columns contained in the user's own tables"
"ALL_REFS","Description of REF columns contained in tables accessible to the user"
"USER_NESTED_TABLES","Description of nested tables contained in the user's own tables"
"ALL_NESTED_TABLES","Description of nested tables in tables accessible to the user"
"USER_VARRAYS","Description of varrays contained in the user's own tables"
"ALL_VARRAYS","Description of varrays in tables accessible to the user"
"USER_OBJ_COLATTRS","Description of object columns and attributes contained in tables owned by the user"
"ALL_OBJ_COLATTRS","Description of object columns and attributes contained in the tables accessible to the user"
"USER_CONS_OBJ_COLUMNS","List of types an object column or attribute is constrained to in the tables owned by the user"
"ALL_CONS_OBJ_COLUMNS","List of types an object column or attribute is constrained to in the tables accessible to the user"
"ALL_OPERATORS","All operators available to the user"
"USER_OPERATORS","All user operators"
"USER_OPBINDINGS","All binding functions or methods on operators defined by the user"
"ALL_OPBINDINGS","All binding functions for operators available to the user"
"USER_OPANCILLARY","All ancillary opertors defined by user"
"ALL_OPANCILLARY","All ancillary operators available to the user"
"USER_OPARGUMENTS","All operator arguments of operators defined by user"
"ALL_OPARGUMENTS","All arguments of the operators available to the user"
"USER_OPERATOR_COMMENTS","Comments for user-defined operators"
"ALL_OPERATOR_COMMENTS","Comments for user-defined operators"
"USER_INDEXTYPES","All user indextypes"
"ALL_INDEXTYPES","All indextypes available to the user"
"USER_INDEXTYPE_COMMENTS","Comments for user-defined indextypes"
"ALL_INDEXTYPE_COMMENTS","Comments for user-defined indextypes"
"USER_INDEXTYPE_ARRAYTYPES","All array types specified by the indextype"
"ALL_INDEXTYPE_ARRAYTYPES","All array types specified by the indextype"
"USER_INDEXTYPE_OPERATORS","All user indextype operators"
"ALL_INDEXTYPE_OPERATORS","All operators available to the user"
"USER_SECONDARY_OBJECTS","All secondary objects for domain indexes"
"ALL_SECONDARY_OBJECTS","All secondary objects for domain indexes"
"ALL_CHANGE_SOURCES","Change Data Capture change sources"
"ALL_CHANGE_SETS","Change Data Capture change sets"
"ALL_CHANGE_TABLES","Change Data Capture change tables"
"ALL_CHANGE_PROPAGATIONS","Change Data Capture propagations "
"ALL_CHANGE_PROPAGATION_SETS","Change Data Capture propagated change set"
"USER_SOURCE_TABLES","Source tables available for Change Data Capture"
"USER_PUBLISHED_COLUMNS","Source columns available for Change Data Capture"
"USER_SUBSCRIPTIONS","Change Data Capture subscriptions"
"USER_SUBSCRIBED_TABLES","Change Data Capture subscribed tables"
"USER_SUBSCRIBED_COLUMNS","Change Data Capture subscribed columns"
"ALL_SUMDELTA","Direct path load entries accessible to the user"
"ALL_SUMMAP","mapping entries of transaction ID and commit SCN accessible to the user"
"USER_EXTERNAL_TABLES","Description of the user's own external tables"
"ALL_EXTERNAL_TABLES","Description of the external tables accessible to the user"
"USER_EXTERNAL_LOCATIONS","Description of the user's external tables locations"
"ALL_EXTERNAL_LOCATIONS","Description of the external tables locations accessible to the user"
"USER_MINING_MODELS","Description of the user's own models"
"ALL_MINING_MODELS","Description of the models accessible to the user"
"USER_MINING_MODEL_ATTRIBUTES","Description of the user's own model attributes"
"ALL_MINING_MODEL_ATTRIBUTES","Description of all the model attributes accessible to the user"
"USER_MINING_MODEL_SETTINGS","Description of the user's own model settings"
"ALL_MINING_MODEL_SETTINGS","Description of all the settings accessible to the user"
"USER_TAB_COL_STATISTICS","Columns of user's tables, views and clusters"
"ALL_TAB_COL_STATISTICS","Columns of user's tables, views and clusters"
"USER_TAB_HISTOGRAMS","Histograms on columns of user's tables"
"ALL_TAB_HISTOGRAMS","Histograms on columns of all tables visible to user"
"USER_ASSOCIATIONS","All assocations defined by the user"
"ALL_ASSOCIATIONS","All associations available to the user"
"USER_USTATS","All statistics on tables or indexes owned by the user"
"ALL_USTATS","All statistics"
"USER_TAB_MODIFICATIONS","Information regarding modifications to tables"
"ALL_TAB_MODIFICATIONS","Information regarding modifications to tables"
"ALL_TAB_STATS_HISTORY","History of table statistics modifications"
"USER_TAB_STATS_HISTORY","History of table statistics modifications"
"ALL_TAB_STAT_PREFS","Statistics preferences for tables"
"USER_TAB_STAT_PREFS","Statistics preferences for tables"
"ALL_TAB_PENDING_STATS","Pending statistics of tables, partitions, and subpartitions"
"USER_TAB_PENDING_STATS","History of table statistics modifications"
"ALL_IND_PENDING_STATS","Pending statistics of tables, partitions, and subpartitions"
"USER_IND_PENDING_STATS","Pending statistics of tables, partitions, and subpartitions"
"ALL_COL_PENDING_STATS","Pending statistics of tables, partitions, and subpartitions"
"USER_COL_PENDING_STATS","Pending statistics of tables, partitions, and subpartitions"
"ALL_TAB_HISTGRM_PENDING_STATS","Pending statistics of tables, partitions, and subpartitions"
"USER_TAB_HISTGRM_PENDING_STATS","Pending statistics of tables, partitions, and subpartitions"
"ALL_DIMENSIONS","Description of the dimension objects accessible to the DBA"
"USER_DIMENSIONS","Description of the dimension objects accessible to the DBA"
"ALL_DIM_LEVELS","Description of dimension levels visible to DBA"
"USER_DIM_LEVELS","Description of dimension levels visible to DBA"
"ALL_DIM_LEVEL_KEY","Representations of columns of a dimension level"
"USER_DIM_LEVEL_KEY","Representations of columns of a dimension level"
"ALL_DIM_ATTRIBUTES","Representation of the relationship between a dimension level and
 a functionally dependent column"
"USER_DIM_ATTRIBUTES","Representation of the relationship between a dimension level and
 a functionally dependent column"
"ALL_DIM_HIERARCHIES","Representation of a dimension hierarchy"
"USER_DIM_HIERARCHIES","Representation of a dimension hierarchy"
"ALL_DIM_CHILD_OF","Representaion of a 1:n hierarchical relationship between a pair of levels in
 a dimension"
"USER_DIM_CHILD_OF","Representaion of a 1:n hierarchical relationship between a pair of levels in
 a dimension"
"ALL_DIM_JOIN_KEY","Representation of a join between two dimension tables. "
"USER_DIM_JOIN_KEY","Representation of a join between two dimension tables. "
"ALL_SUMMARIES","Description of the summaries accessible to the user"
"USER_SUMMARIES","Description of the summaries created by the user"
"ALL_MVIEW_ANALYSIS","Description of the materialized views accessible to the user"
"USER_MVIEW_ANALYSIS","Description of the materialized views created by the user"
"USER_MVIEW_AGGREGATES","Description of the materialized view aggregates created by the user"
"ALL_MVIEW_AGGREGATES","Description of the materialized view aggregates accessible to the user"
"ALL_MVIEW_DETAIL_RELATIONS","Description of the materialized view detail tables accessible to the user"
"USER_MVIEW_DETAIL_RELATIONS","Description of the materialized view detail tables of the materialized
views created by the user"
"ALL_MVIEW_KEYS","Description of the columns that appear in the GROUP BY
list of a materialized view accessible to the user"
"USER_MVIEW_KEYS","Description of the columns that appear in the GROUP BY
list of a materialized view  created by the user"
"ALL_MVIEW_JOINS","Description of a join between two columns in the
WHERE clause of a materialized view accessible to the user"
"USER_MVIEW_JOINS","Description of a join between two columns in the
WHERE clause of a materialized view created by the user"
"ALL_MVIEW_COMMENTS","Comments on materialized views accessible to the user"
"USER_MVIEW_COMMENTS","Comments on materialized views owned by the user"
"ALL_REFRESH_DEPENDENCIES","Description of the detail tables that materialized views depend on for
refresh"
"ALL_REWRITE_EQUIVALENCES","Description of all rewrite equivalence accessible to the user"
"USER_REWRITE_EQUIVALENCES","Description of all rewrite equivalence owned by the user"
"ALL_MVIEW_DETAIL_PARTITION","Freshness information of all PCT materialized views in the database"
"USER_MVIEW_DETAIL_PARTITION","Freshness information of all PCT materialized views in the database"
"ALL_MVIEW_DETAIL_SUBPARTITION","Freshness information of all PCT materialized views in the database"
"USER_MVIEW_DETAIL_SUBPARTITION","Freshness information of all PCT materialized views in the database"
"USER_TSTZ_TAB_COLS","Columns of user's tables, which have column(s) defined on timestamp with time zone data type or ADT type containing attribute(s) of timestamp with time zone data type"
"ALL_TSTZ_TAB_COLS","Columns of user's tables, which have column(s) defined on timestamp with time zone data type or ADT type containing attribute(s) of timestamp with time zone data type"
"USER_TSTZ_TABLES","Description of the user's own tables, which have column(s) defined on timestamp with time zone data type or ADT type containing attribute(s) of timestamp with time zone data type"
"ALL_TSTZ_TABLES","Description of tables accessible to the user, which have column(s) defined on timestamp with time zone data type or ADT type containing attribute(s) of timestamp with time zone data type"
"USER_ERRORS","Current errors on stored objects owned by the user"
"ALL_ERRORS","Current errors on stored objects that user is allowed to create"
"USER_ERRORS_AE","Current errors on stored objects owned by the user"
"ALL_ERRORS_AE","Current errors on stored objects that user is allowed to create"
"USER_SOURCE_AE","Source of stored objects accessible to the user"
"ALL_SOURCE_AE","Current source on stored objects that user is allowed to create"
"USER_SOURCE","Source of stored objects accessible to the user"
"ALL_SOURCE","Current source on stored objects that user is allowed to create"
"USER_TRIGGERS","Triggers having FOLLOWS or PRECEDES ordering owned by the user"
"ALL_TRIGGERS","Triggers accessible to the current user"
"USER_INTERNAL_TRIGGERS","Description of the internal triggers on the user's own tables"
"ALL_INTERNAL_TRIGGERS","Description of the internal triggers on the tables accessible to the user"
"USER_TRIGGER_COLS","Column usage in user's triggers"
"ALL_TRIGGER_COLS","Column usage in user's triggers or in triggers on user's tables"
"USER_DEPENDENCIES","Dependencies to and from a users objects"
"ALL_DEPENDENCIES","Dependencies to and from objects accessible to the user"
"USER_OBJECT_SIZE","Sizes, in bytes, of various pl/sql objects"
"ALL_TRIGGER_ORDERING","Triggers having FOLLOWS or PRECEDES ordering accessible to the current user"
"USER_JOBS","All jobs owned by this user"
"USER_SEGMENTS","Storage allocated for all database segments"
"USER_EXTENTS","Extents comprising segments owned by the user"
"USER_FREE_SPACE","Free extents in tablespaces accessible to the user"
"USER_TABLESPACES","Description of accessible tablespaces"
"USER_TS_QUOTAS","Tablespace quotas for the user"
"ALL_CONTEXT","Description of all active context namespaces under the current session"
"USER_RULE_SETS","Rule sets owned by the user"
"ALL_RULE_SETS","Rule sets seen by the user"
"USER_RULESETS","Rulesets owned by the user: maintained for backward compatibility"
"ALL_RULESETS","Rulesets seen by the user: maintained for backward compatibility"
"USER_RULES","Rules owned by the user"
"ALL_RULES","Rules seen by the user"
"USER_RULE_SET_RULES","Rules in user rule sets"
"ALL_RULE_SET_RULES","Rules in all rule sets seen by the user"
"USER_EVALUATION_CONTEXTS","rule evaluation contexts owned by user"
"ALL_EVALUATION_CONTEXTS","rule evaluation contexts seen by user"
"USER_EVALUATION_CONTEXT_TABLES","tables in user rule evaluation contexts"
"ALL_EVALUATION_CONTEXT_TABLES","tables in all rule evaluation contexts seen by the user"
"USER_EVALUATION_CONTEXT_VARS","variables in user rule evaluation contexts"
"ALL_EVALUATION_CONTEXT_VARS","variables in all rule evaluation contexts seen by the user"
"ALL_SNAPSHOTS","Snapshots the user can access"
"USER_SNAPSHOTS","Snapshots the user can look at"
"ALL_SNAPSHOT_LOGS","All snapshot logs in the database that the user can see"
"USER_SNAPSHOT_LOGS","All snapshot logs owned by the user"
"ALL_REFRESH","All the refresh groups that the user can touch"
"USER_REFRESH","All the refresh groups"
"ALL_REFRESH_CHILDREN","All the objects in refresh groups, where the user can touch the group"
"USER_REFRESH_CHILDREN","All the objects in refresh groups, where the user owns the refresh group"
"ALL_REGISTERED_SNAPSHOTS","Remote snapshots of local tables that the user can see"
"USER_REGISTERED_SNAPSHOTS","Remote snapshots of local tables currently using logs owned by the user"
"ALL_MVIEWS","All materialized views in the database"
"USER_MVIEWS","All materialized views in the database"
"ALL_MVIEW_REFRESH_TIMES","Materialized views and their last refresh times  for each master table that the user can look at"
"USER_MVIEW_REFRESH_TIMES","Materialized views and their last refresh times for each master table that the user can look at"
"ALL_MVIEW_LOGS","All materialized view logs in the database that the user can see"
"USER_MVIEW_LOGS","All materialized view logs owned by the user"
"ALL_BASE_TABLE_MVIEWS","All materialized views with log(s) in the database that the user can see"
"USER_BASE_TABLE_MVIEWS","All materialized views with log(s) owned by the user in the database"
"ALL_REGISTERED_MVIEWS","Remote materialized views of local tables that the user can see"
"USER_REGISTERED_MVIEWS","Remote materialized views of local tables currently using logs owned by the user"
"ALL_POLICIES","All policies for objects if the user has system privileges or owns the objects"
"USER_POLICIES","All row level security policies for synonyms, tables, or views owned by the user"
"ALL_POLICY_GROUPS","All policy groups defined for any synonym, table or view accessable to the user"
"USER_POLICY_GROUPS","All policy groups defined for any synonym, table, or view"
"ALL_POLICY_CONTEXTS","All policy driving context defined for all synonyms, tables, or views accessable to the user"
"USER_POLICY_CONTEXTS","All policy driving context defined for synonyms, tables, or views in current schema"
"ALL_SEC_RELEVANT_COLS","Security Relevant columns of all VPD policies for tables or views which the user has access"
"USER_SEC_RELEVANT_COLS","Security Relevant columns of VPD policies for tables or views owned by the user"
"ALL_AUDIT_POLICIES","All fine grained auditing policies in the database"
"ALL_AUDIT_POLICY_COLUMNS","All fine grained auditing policy columns in the database"
"USER_AUDIT_POLICIES","All fine grained auditing policies for objects in user schema"
"USER_AUDIT_POLICY_COLUMNS","Users fine grained auditing policy columns in the database"
"USER_CHANGE_NOTIFICATION_REGS","change notification registrations for current user"
"USER_CQ_NOTIFICATION_QUERIES","Description of registered queries for CQ notification"
"USER_SUBSCR_REGISTRATIONS","All subscription registrations created by the user"
"ALL_QUEUE_TABLES","All queue tables accessible to the user"
"USER_QUEUE_TABLES","All queue tables created by the user"
"ALL_QUEUES","All queues accessible to the user"
"ALL_DEQUEUE_QUEUES","All queues accessible to the user"
"ALL_INT_DEQUEUE_QUEUES","All queues accessible to the user"
"USER_QUEUES","All queues owned by the user"
"USER_RSRC_CONSUMER_GROUP_PRIVS","Switch privileges for consumer groups for the user"
"USER_RSRC_MANAGER_SYSTEM_PRIVS","system privileges for the resource manager for the user"
"USER_OUTLINES","Stored outlines owned by the user"
"USER_OUTLINE_HINTS","Hints stored in outlines owned by the user"
"USER_DATAPUMP_JOBS","Datapump jobs for current user"
"ALL_REPGROUP_PRIVILEGES","Information about users who are registered for object group privileges"
"USER_REPGROUP_PRIVILEGES","Information about users who are registered for object group privileges"
"USER_REPGROUP","Replication information about the current user"
"ALL_REPGROUP","Information about replicated object groups"
"USER_REPSITES","N-way replication information about the current user"
"ALL_REPSITES","N-way replication information"
"USER_REPSCHEMA","N-way replication information about the current user"
"ALL_REPSCHEMA","N-way replication information"
"USER_REPOBJECT","Replication information about the current user's objects"
"ALL_REPOBJECT","Information about replicated objects"
"ALL_REPCOLUMN","Replicated top-level columns (table) sorted alphabetically in ascending order"
"USER_REPCOLUMN","Replicated columns for the current user's table in ascending order"
"USER_REPPROP","Propagation information about the current user's objects"
"ALL_REPPROP","Propagation information about replicated objects"
"USER_REPKEY_COLUMNS","Primary columns for a table using column-level replication"
"ALL_REPKEY_COLUMNS","Primary columns for a table using column-level replication"
"USER_REPGENOBJECTS","Objects generated for the current user to support replication"
"ALL_REPGENOBJECTS","Objects generated to support replication"
"USER_REPGENERATED","Objects generated for the current user to support replication"
"ALL_REPGENERATED","Objects generated to support replication"
"USER_REPCATLOG","Information about the current user's asynchronous administration requests"
"ALL_REPCATLOG","Information about asynchronous administration requests"
"USER_REPDDL","Arguments that do not fit in a single repcat log record"
"ALL_REPDDL","Arguments that do not fit in a single repcat log record"
"ALL_REPPRIORITY_GROUP","Information about all priority groups which are accessible to the user"
"USER_REPPRIORITY_GROUP","Information about user's priority groups"
"ALL_REPPRIORITY","Values and their corresponding priorities in all priority groups which are accessible to the user"
"USER_REPPRIORITY","Values and their corresponding priorities in user's priority groups"
"ALL_REPCOLUMN_GROUP","All column groups of replicated tables which are accessible to the user"
"USER_REPCOLUMN_GROUP","All column groups of user's replicated tables"
"ALL_REPGROUPED_COLUMN","Columns in the all column groups of replicated tables which are accessible to the user"
"USER_REPGROUPED_COLUMN","Columns in the all column groups of user's replicated tables"
"ALL_REPCONFLICT","All conflicts with available resolutions for user's replicated tables"
"ALL_REPRESOLUTION_METHOD","All conflict resolution methods accessible to the user"
"USER_REPRESOLUTION_METHOD","All conflict resolution methods accessible to the user"
"ALL_REPRESOLUTION","Description of all conflict resolutions for replicated tables which are accessible to the user"
"USER_REPRESOLUTION","Description of all conflict resolutions for user's replicated tables"
"ALL_REPRESOLUTION_STATISTICS","Statistics for conflict resolutions for replicated tables which are accessible to the user"
"USER_REPRESOLUTION_STATISTICS","Statistics for conflict resolutions for user's replicated tables"
"ALL_REPRESOL_STATS_CONTROL","Information about statistics collection for conflict resolutions for replicated tables which are accessible to the user"
"USER_REPRESOL_STATS_CONTROL","Information about statistics collection for conflict resolutions for user's replicated tables"
"ALL_REPPARAMETER_COLUMN","All columns used for resolving conflicts in replicated tables which are accessible to the user"
"USER_REPPARAMETER_COLUMN","All columns used for resolving conflicts in user's replicated tables"
"ALL_REPAUDIT_ATTRIBUTE","Information about attributes automatically maintained for replication"
"USER_REPAUDIT_ATTRIBUTE","Information about attributes automatically maintained for replication"
"ALL_REPAUDIT_COLUMN","Information about columns in all shadow tables for replicated tables which are accessible to the user"
"USER_REPAUDIT_COLUMN","Information about columns in all shadow tables for user's replicated tables"
"ALL_REPFLAVORS","Flavors defined for replicated object groups"
"USER_REPFLAVORS","Flavors current user created for replicated object groups"
"ALL_REPFLAVOR_OBJECTS","Replicated objects in flavors"
"USER_REPFLAVOR_OBJECTS","Replicated user objects in flavors"
"ALL_REPFLAVOR_COLUMNS","Replicated columns in flavors"
"USER_REPFLAVOR_COLUMNS","Replicated columns from current user's tables in flavors"
"USER_WARNING_SETTINGS","Warning Parameter settings for objects owned by the user"
"ALL_WARNING_SETTINGS","Warnings ettings for objects accessible to the user"
"ALL_STAT_EXTENSIONS","Optimizer statistics extensions"
"USER_STAT_EXTENSIONS","Optimizer statistics extensions"
"ALL_TAB_STATISTICS","Optimizer statistics for all tables accessible to the user"
"USER_TAB_STATISTICS","Optimizer statistics of the user's own tables"
"ALL_IND_STATISTICS","Optimizer statistics for all indexes on tables accessible to the user"
"USER_IND_STATISTICS","Optimizer statistics for user's own indexes"
"USER_AWS","Analytic Workspaces owned by the user"
"ALL_AWS","Analytic Workspaces accessible to the user"
"USER_AW_PS","Pagespaces in Analytic Workspaces owned by the user"
"ALL_AW_PS","Pagespaces in Analytic Workspaces accessible to the user"
"ALL_CUBES","OLAP Cubes in the database accessible to the user"
"USER_CUBES","OLAP Cubes owned by the user in the database"
"ALL_CUBE_DIMENSIONALITY","OLAP Cube Dimensionality in the database accessible to the user"
"USER_CUBE_DIMENSIONALITY","OLAP Cube Dimensionality owned by the user in the database"
"ALL_CUBE_MEASURES","OLAP Measures in the database accessible to the user"
"USER_CUBE_MEASURES","OLAP Measures owned by the user in the database"
"ALL_CUBE_DIMENSIONS","OLAP Cube Dimensions in the database accessible by the user"
"USER_CUBE_DIMENSIONS","OLAP Cube Dimensions owned by the user in the database"
"ALL_CUBE_HIERARCHIES","OLAP Hierarchies in the database accessible by the user"
"USER_CUBE_HIERARCHIES","OLAP Hierarchies owned by the user in the database"
"ALL_CUBE_HIER_LEVELS","OLAP Hierarchy Levels in the database accessible to the user"
"USER_CUBE_HIER_LEVELS","OLAP Hierarchy Levels owned by the user in the database"
"ALL_CUBE_DIM_LEVELS","OLAP Dimension Levels in the database accessible by the user"
"USER_CUBE_DIM_LEVELS","OLAP Dimension Levels owned by the user in the database"
"ALL_CUBE_ATTRIBUTES","OLAP Attributes in the database accessible by the user"
"USER_CUBE_ATTRIBUTES","OLAP Attributes owned by the user in the database"
"ALL_CUBE_ATTR_VISIBILITY","OLAP Attributes visible for Dimensions, Hierarchies, and Levels"
"USER_CUBE_ATTR_VISIBILITY","OLAP Attributes visible for Dimensions, Hierarchies, and Levels"
"ALL_CUBE_DIM_MODELS","OLAP Dimension Models in the database accessible to the user"
"USER_CUBE_DIM_MODELS","OLAP Dimension Models in the database accessible to the user"
"ALL_CUBE_CALCULATED_MEMBERS","OLAP Calculated Members in the database accessible to the user"
"USER_CUBE_CALCULATED_MEMBERS","OLAP Calculated Members in the database accessible to the user"
"ALL_CUBE_VIEWS","OLAP Cube Views in the database accessible by the user"
"USER_CUBE_VIEWS","OLAP Cube Views owned by the user in the database"
"ALL_CUBE_VIEW_COLUMNS","OLAP Cube View Columns in the database accessible by the user"
"USER_CUBE_VIEW_COLUMNS","OLAP Cube View Columns owned by the user in the database"
"ALL_CUBE_DIM_VIEWS","OLAP Dimension Views in the database accessible by the user"
"USER_CUBE_DIM_VIEWS","OLAP Dimension Views owned by the user in the database"
"ALL_CUBE_DIM_VIEW_COLUMNS","OLAP Dimesion View Columns in the database accessible to the user"
"USER_CUBE_DIM_VIEW_COLUMNS","OLAP Dimesion View Columns in the database accessible to the user"
"ALL_CUBE_HIER_VIEWS","OLAP Hierarchy Views in the database accessible to the user"
"USER_CUBE_HIER_VIEWS","OLAP Hierarchy Views owner by the user in the database"
"ALL_CUBE_HIER_VIEW_COLUMNS","OLAP Hierarchy View Columns in the database accessible to the user"
"USER_CUBE_HIER_VIEW_COLUMNS","OLAP Hierarchy View Columns owned by the user in the database"
"ALL_MEASURE_FOLDERS","OLAP Measure Folders in the database accessible to the user"
"USER_MEASURE_FOLDERS","OLAP Measure Folders owned by the user in the database"
"ALL_MEASURE_FOLDER_CONTENTS","OLAP Measure Folder Contents in the database accessible by the user"
"USER_MEASURE_FOLDER_CONTENTS","OLAP Measure Folder Contents owned by the user in the database"
"ALL_CUBE_BUILD_PROCESSES","OLAP Build Processes in the database accessible to the user"
"USER_CUBE_BUILD_PROCESSES","OLAP Build Processes owned by the user in the database"
"USER_QUEUE_SUBSCRIBERS","queue subscribers under a user'schema"
"ALL_QUEUE_SUBSCRIBERS","All queue subscribers accessible to user"
"USER_SCHEDULER_PROGRAMS","Scheduler programs owned by the current user"
"ALL_SCHEDULER_PROGRAMS","All scheduler programs visible to the user"
"USER_SCHEDULER_DESTS","Destination objects for jobs in the database owned by current user"
"ALL_SCHEDULER_DESTS","All destination objects for jobs in the database visible to current user"
"ALL_SCHEDULER_EXTERNAL_DESTS","User-visible destination objects in the database pointing to remote agents"
"USER_SCHEDULER_DB_DESTS","User-owned destination objects in the database pointing to remote databases"
"ALL_SCHEDULER_DB_DESTS","User-visible destination objects in the database pointing to remote databases"
"USER_SCHEDULER_JOB_DESTS","State of all jobs owned by current user at each of their destinations"
"ALL_SCHEDULER_JOB_DESTS","State of all jobs visible to current user at each of their destinations"
"USER_SCHEDULER_JOBS","All scheduler jobs in the database"
"ALL_SCHEDULER_JOBS","All scheduler jobs visible to the user"
"ALL_SCHEDULER_JOB_CLASSES","All scheduler classes visible to the user"
"ALL_SCHEDULER_WINDOWS","All scheduler windows in the database"
"USER_SCHEDULER_PROGRAM_ARGS","All arguments of all scheduler programs in the database"
"ALL_SCHEDULER_PROGRAM_ARGS","All arguments of all scheduler programs visible to the user"
"USER_SCHEDULER_JOB_ARGS","All arguments with set values of all scheduler jobs in the database"
"ALL_SCHEDULER_JOB_ARGS","All arguments with set values of all scheduler jobs in the database"
"USER_SCHEDULER_JOB_LOG","Logged information for all scheduler jobs"
"USER_SCHEDULER_JOB_RUN_DETAILS","The details of a job run"
"ALL_SCHEDULER_JOB_LOG","Logged information for all scheduler jobs"
"ALL_SCHEDULER_JOB_RUN_DETAILS","The details of a job run"
"ALL_SCHEDULER_WINDOW_LOG","Logged information for all scheduler windows"
"ALL_SCHEDULER_WINDOW_DETAILS","The details of a window"
"ALL_SCHEDULER_WINDOW_GROUPS","All scheduler window groups in the database"
"ALL_SCHEDULER_WINGROUP_MEMBERS","Members of all scheduler window groups in the database"
"USER_SCHEDULER_GROUP_MEMBERS","Members of all scheduler object groups owned by current user"
"ALL_SCHEDULER_GROUP_MEMBERS","Members of all scheduler object groups visible to current user"
"USER_SCHEDULER_GROUPS","All scheduler object groups owned by current user"
"ALL_SCHEDULER_GROUPS","All scheduler object groups visible to current user"
"USER_SCHEDULER_SCHEDULES","Schedules belonging to the current user"
"ALL_SCHEDULER_SCHEDULES","All schedules in the database"
"ALL_SCHEDULER_REMOTE_JOBSTATE","Remote state of all jobs originating from this database visible to current user"
"USER_SCHEDULER_REMOTE_JOBSTATE","Remote state of all jobs originating from this database owned by current user"
"ALL_SCHEDULER_GLOBAL_ATTRIBUTE","All scheduler global attributes"
"USER_SCHEDULER_CHAINS","All scheduler chains owned by the current user"
"ALL_SCHEDULER_CHAINS","All scheduler chains in the database visible to current user"
"USER_SCHEDULER_CHAIN_RULES","All rules from scheduler chains owned by the current user"
"ALL_SCHEDULER_CHAIN_RULES","All rules from scheduler chains visible to the current user"
"USER_SCHEDULER_CHAIN_STEPS","All steps of scheduler chains owned by the current user"
"ALL_SCHEDULER_CHAIN_STEPS","All steps of scheduler chains visible to the current user"
"USER_SCHEDULER_RUNNING_CHAINS","All steps of chains being run by jobs owned by the current user"
"ALL_SCHEDULER_RUNNING_CHAINS","All job steps of running job chains visible to the user"
"USER_SCHEDULER_CREDENTIALS","Scheduler credentials owned by the current user"
"ALL_SCHEDULER_CREDENTIALS","All scheduler credentials visible to the user"
"USER_SCHEDULER_FILE_WATCHERS","Scheduler file watch requests owned by the current user"
"ALL_SCHEDULER_FILE_WATCHERS","Scheduler file watch requests visible to the current user"
"USER_SCHEDULER_NOTIFICATIONS","All e-mail notifications for jobs owned by the current user"
"ALL_SCHEDULER_NOTIFICATIONS","All job e-mail notifications visible to the current user"
"USER_TUNE_MVIEW","tune_mview catalog view owned by the user"
"USER_FLASHBACK_ARCHIVE","Description of the flashback archives available to the user"
"USER_FLASHBACK_ARCHIVE_TABLES","Information about the user tables that are enabled for Flashback Archive"
"ALL_CAPTURE","Details about each capture process that stores the captured changes in a queue visible to the current user"
"ALL_CAPTURE_PARAMETERS","Details about parameters for each capture process that stores the captured changes in a queue visible to the current user"
"ALL_CAPTURE_PREPARED_DATABASE","Is the local database prepared for instantiation?"
"ALL_CAPTURE_PREPARED_SCHEMAS","All user schemas at the local database that are prepared for instantiation"
"ALL_CAPTURE_PREPARED_TABLES","All tables visible to the current user that are prepared for instantiation"
"ALL_SYNC_CAPTURE_PREPARED_TABS","All tables prepared for synchronous capture instantiation"
"ALL_CAPTURE_EXTRA_ATTRIBUTES","Extra attributes for a capture process that is visible to the current user"
"ALL_SYNC_CAPTURE","Details about each sync capture process that stores the captured changes in a queue visible to the current user"
"ALL_APPLY","Details about each apply process that dequeues from the queue visible to the current user"
"ALL_APPLY_PARAMETERS","Details about parameters of each apply process that dequeues from the queue visible to the current user"
"ALL_APPLY_KEY_COLUMNS","Alternative key columns for a STREAMS table visible to the current user"
"ALL_APPLY_CONFLICT_COLUMNS","Details about conflict resolution on tables visible to the current user"
"ALL_APPLY_TABLE_COLUMNS","Details about the columns of destination table object visible to the user"
"ALL_APPLY_DML_HANDLERS","Details about the dml handler on tables visible to the current user"
"ALL_APPLY_PROGRESS","Information about the progress made by the apply process that dequeues from the queue visible to the current user"
"ALL_APPLY_ERROR","Error transactions that were generated after dequeuing from the queue visible to the current user"
"ALL_APPLY_ERROR_MESSAGES","Details about individual messages in an error transaction"
"ALL_APPLY_ENQUEUE","Details about the apply enqueue action for user accessible rules where the destination queue exists and is visible to the user"
"ALL_APPLY_EXECUTE","Details about the apply execute action for all rules visible to the user"
"ALL_XSTREAM_OUTBOUND","Details about the XStream outbound server visible to user"
"ALL_XSTREAM_INBOUND","Details about the XStream inbound server visible to user"
"ALL_APPLY_CHANGE_HANDLERS","Details about apply change handler"
"ALL_APPLY_DML_CONF_HANDLERS","Details about dml conflict handlers on tables visible to the current user"
"ALL_PROPAGATION","Streams propagation seen by the user"
"ALL_FILE_GROUPS","Details about file groups"
"ALL_FILE_GROUP_VERSIONS","Details about file group versions"
"ALL_FILE_GROUP_EXPORT_INFO","Details about export information of file group versions"
"ALL_FILE_GROUP_FILES","Details about file group files"
"ALL_FILE_GROUP_TABLESPACES","Details about the transportable tablespaces in the file group repository"
"ALL_FILE_GROUP_TABLES","Details about the tables in the file group repository"
"USER_FILE_GROUPS","Details about file groups"
"USER_FILE_GROUP_VERSIONS","Details about file group versions"
"USER_FILE_GROUP_EXPORT_INFO","Details about export information of file group versions"
"USER_FILE_GROUP_FILES","Details about file group files"
"USER_FILE_GROUP_TABLESPACES","Details about the transportable tablespaces in the file group repository"
"USER_FILE_GROUP_TABLES","Details about the tables in the file group repository"
"ALL_STREAMS_MESSAGE_CONSUMERS","Streams messaging consumers visible to the current user"
"ALL_STREAMS_GLOBAL_RULES","Global rules created on the streams capture/apply/propagation process that interact with the queue visible to the current user"
"ALL_STREAMS_SCHEMA_RULES","Rules created by streams administrative APIs on all user schemas"
"ALL_STREAMS_TABLE_RULES","Rules created by streams administrative APIs on tables visible to the current user"
"ALL_STREAMS_MESSAGE_RULES","Rules for Streams messaging visible to the current user"
"ALL_STREAMS_RULES","Rules used by streams processes"
"ALL_SYNC_CAPTURE_TABLES","All tables that are captured by synchronous streams captures."
"ALL_XSTREAM_RULES","Details about the XStream server rules visible to user"
"ALL_STREAMS_TRANSFORM_FUNCTION","Rules-based transform functions used by Streams"
"USER_GOLDENGATE_PRIVILEGES","Details about goldengate privileges"
"USER_COMPARISON","Details about the user's comparison objects"
"USER_COMPARISON_COLUMNS","Details about the comparison object's columns"
"USER_COMPARISON_SCAN","Details about a comparison scan"
"USER_COMPARISON_SCAN_SUMMARY","Details about a comparison scan"
"USER_COMPARISON_SCAN_VALUES","Details about a comparison scan's values"
"USER_COMPARISON_ROW_DIF","Details about the differing rows in a comparison scan"
"ALL_STREAMS_COLUMNS","Streams unsupported columns"
"ALL_STREAMS_UNSUPPORTED","List of all the tables that are not supported by Streams in this release"
"ALL_STREAMS_NEWLY_SUPPORTED","List of objects that are newly supported by Streams"
"USER_EPG_DAD_AUTHORIZATION","DADs authorized to use the user's privileges"
"ALL_XML_TABLES","Description of the all XMLType tables that the user has privileges on"
"USER_XML_TABLES","Description of the user's own XMLType tables"
"ALL_XML_TAB_COLS","Description of the all XMLType tables that the user has privileges on"
"USER_XML_TAB_COLS","Description of the user's own XMLType tables"
"ALL_XML_VIEWS","Description of the all XMLType views that the user has privileges on"
"USER_XML_VIEWS","Description of the user's own XMLType views"
"ALL_XML_VIEW_COLS","Description of the all XMLType views that the user has privileges on"
"USER_XML_VIEW_COLS","Description of the user's own XMLType views"
"ALL_XML_SCHEMAS","Description of all XML Schemas that user has privilege to reference"
"ALL_XML_SCHEMAS2","Dummy version of ALL_XML_SCHEMAS that does not have an XMLTYPE column"
"USER_XML_SCHEMAS","Description of XML Schemas registered by the user"
"ALL_XML_INDEXES","Description of the all XMLType indexes that the user has privileges on"
"USER_XML_INDEXES","Description of the user's own XMLType indexes"
"ALL_XDS_OBJECTS","All XDS enabled objects accessible to the user"
"USER_XDS_OBJECTS","All XDS enabled objects owned by the user"
"ALL_XDS_INSTANCE_SETS","All instance sets for objects accessible to the user in the database"
"USER_XDS_INSTANCE_SETS","All instance sets for objects owned by the user"
"ALL_XDS_ATTRIBUTE_SECS","All objects with XDS column security and accessible to the user"
"USER_XDS_ATTRIBUTE_SECS","All objects with column security and owned by the user"
"ALL_XSC_SECURITY_CLASS","All security class definitions in the database"
"ALL_XSC_SECURITY_CLASS_STATUS","Security class ""enable"" and ""mutable"" status"
"ALL_XSC_SECURITY_CLASS_DEP","All security class dependencies in the database"
"ALL_XSC_PRIVILEGE","All mappings of privileges to security classes in the database"
"ALL_XSC_AGGREGATE_PRIVILEGE","All privileges that make up an aggregate privilege in the database"
"USER_NETWORK_ACL_PRIVILEGES","User privileges to access network hosts through PL/SQL network utility packages"
"USER_DBFS_HS_FILES",""
"USER_ADVISOR_FDG_BREAKDOWN",""
"USER_REPCONFLICT",""
"USER_PART_LOBS",""
"ALL_TRANSFORMATIONS",""
"ALL_IND_SUBPARTITIONS",""
"USER_SQLTUNE_STATISTICS",""
"USER_DBFS_HS_COMMANDS",""
"ALL_PART_KEY_COLUMNS",""
"USER_SQLSET_PLANS",""
"USER_REGISTRY",""
"ALL_LOB_TEMPLATES",""
"USER_ADVISOR_EXEC_PARAMETERS",""
"ALL_SUBPART_COL_STATISTICS",""
"USER_PARALLEL_EXECUTE_CHUNKS",""
"USER_DBFS_HS_PROPERTIES",""
"ALL_REGISTRY_BANNERS",""
"USER_ADVISOR_RATIONALE",""
"USER_ADDM_FDG_BREAKDOWN",""
"USER_QUEUE_SCHEDULES",""
"ALL_PROBE_OBJECTS",""
"USER_ADVISOR_FINDINGS",""
"USER_ADVISOR_SQLW_STMTS",""
"USER_TS",""
"USER_DBFS_HS_FIXED_PROPERTIES",""
"USER_PART_TABLES",""
"USER_SUBPART_COL_STATISTICS",""
"ALL_SQLSET_REFERENCES",""
"USER_ADVISOR_SQLA_WK_STMTS",""
"USER_TAB_PARTITIONS",""
"USER_IND_PARTITIONS",""
"USER_ADVISOR_PARAMETERS",""
"USER_ADVISOR_SQLW_TEMPLATES",""
"USER_ADVISOR_ACTIONS",""
"USER_ADVISOR_SQLW_COLVOL",""
"ALL_ATTRIBUTE_TRANSFORMATIONS",""
"USER_ADVISOR_SQLW_TABLES",""
"ALL_PART_COL_STATISTICS",""
"ALL_SQLSET_STATEMENTS",""
"ALL_IND_PARTITIONS",""
"USER_SQLSET_REFERENCES",""
"USER_ADVISOR_TASKS",""
"USER_ADVISOR_SQLW_JOURNAL",""
"USER_ADDM_TASKS",""
"USER_SQLSET_STATEMENTS",""
"ALL_TAB_PARTITIONS",""
"USER_TAB_SUBPARTITIONS",""
"ALL_PART_LOBS",""
"USER_TRANSFORMATIONS",""
"USER_ADVISOR_EXECUTIONS",""
"ALL_SERVICES",""
"USER_ADVISOR_SQLW_TABVOL",""
"ALL_SUBPARTITION_TEMPLATES",""
"USER_SUBPART_HISTOGRAMS",""
"USER_ADVISOR_LOG",""
"ALL_QUEUE_PUBLISHERS",""
"USER_ADVISOR_SQLA_COLVOL",""
"USER_ADVISOR_SQLPLANS",""
"USER_ADVISOR_SQLSTATS",""
"USER_PART_COL_STATISTICS",""
"USER_ATTRIBUTE_TRANSFORMATIONS",""
"ALL_LOB_SUBPARTITIONS",""
"USER_ADVISOR_SQLA_TABLES",""
"USER_ADVISOR_OBJECTS",""
"USER_FLASHBACK_TXN_REPORT",""
"USER_PART_INDEXES",""
"USER_AQ_AGENT_PRIVS",""
"USER_XML_COLUMN_NAMES",""
"ALL_TAB_SUBPARTITIONS",""
"USER_SUBPARTITION_TEMPLATES",""
"USER_ADVISOR_JOURNAL",""
"USER_ADVISOR_SQLA_REC_SUM",""
"USER_ADVISOR_SQLW_PARAMETERS",""
"USER_ADVISOR_SQLA_WK_MAP",""
"USER_ADVISOR_DIR_TASK_INST",""
"USER_ADVISOR_RECOMMENDATIONS",""
"USER_DBFS_HS",""
"USER_ADVISOR_TEMPLATES",""
"USER_ADVISOR_SQLA_TABVOL",""
"USER_LOB_TEMPLATES",""
"ALL_REPCAT",""
"USER_SQLSET_BINDS",""
"USER_LOB_PARTITIONS",""
"USER_PART_KEY_COLUMNS",""
"USER_FLASHBACK_TXN_STATE",""
"ALL_LOB_PARTITIONS",""
"USER_REPCAT",""
"USER_QUEUE_PUBLISHERS",""
"ALL_QUEUE_SCHEDULES",""
"ALL_SUBPART_HISTOGRAMS",""
"ALL_PART_TABLES",""
"USER_ADDM_FINDINGS",""
"USER_ADVISOR_SQLW_SUM",""
"USER_SQLSET",""
"USER_ADDM_TASK_DIRECTIVES",""
"USER_SUBPART_KEY_COLUMNS",""
"USER_SQLTUNE_RATIONALE_PLAN",""
"USER_IND_SUBPARTITIONS",""
"USER_PART_HISTOGRAMS",""
"ALL_SCHEDULER_REMOTE_DATABASES",""
"USER_PARALLEL_EXECUTE_TASKS",""
"USER_LOB_SUBPARTITIONS",""
"ALL_SQLSET_PLANS",""
"USER_ADDM_INSTANCES",""
"ALL_PART_HISTOGRAMS",""
"ALL_PART_INDEXES",""
"USER_SQLTUNE_PLANS",""
"USER_SQLTUNE_BINDS",""
"ALL_SQLSET",""
"ALL_SQLSET_BINDS",""
"USER_ADVISOR_SQLA_WK_SUM",""
"ALL_SUBPART_KEY_COLUMNS",""
"AUDIT_ACTIONS","Description table for audit trail action type codes.  Maps action type numbers to action type names"
"COLUMN_PRIVILEGES","Grants on columns for which the user is the grantor, grantee, owner, or
 an enabled role or PUBLIC is the grantee"
"DATABASE_COMPATIBLE_LEVEL","Database compatible parameter set via init.ora"
"DBMS_ALERT_INFO",""
"DBMS_LOCK_ALLOCATED",""
"DICTIONARY","Description of data dictionary tables and views"
"DICT_COLUMNS","Description of columns in data dictionary tables and views"
"DUAL",""
"GLOBAL_NAME","global database name"
"INDEX_HISTOGRAM","statistics on keys with repeat count"
"INDEX_STATS","statistics on the b-tree"
"NLS_DATABASE_PARAMETERS","Permanent NLS parameters of the database"
"NLS_INSTANCE_PARAMETERS","NLS parameters of the instance"
"NLS_SESSION_PARAMETERS","NLS parameters of the user session"
"RESOURCE_COST","Cost for each resource"
"ROLE_ROLE_PRIVS","Roles which are granted to roles"
"ROLE_SYS_PRIVS","System privileges granted to roles"
"ROLE_TAB_PRIVS","Table privileges granted to roles"
"SESSION_PRIVS","Privileges which the user currently has set"
"SESSION_ROLES","Roles which the user currently has enabled."
"TABLE_PRIVILEGES","Grants on objects for which the user is the grantor, grantee, owner,
 or an enabled role or PUBLIC is the grantee"
"ALL_SNAPSHOT_REFRESH_TIMES","Synonym for ALL_MVIEW_REFRESH_TIMES"
"CAT","Synonym for USER_CATALOG"
"CLU","Synonym for USER_CLUSTERS"
"V$PARALLEL_DEGREE_LIMIT_MTH","Synonym for V_$PARALLEL_DEGREE_LIMIT_MTH"
"V$PQ_SESSTAT","Synonym for V_$PQ_SESSTAT"
"V$PQ_TQSTAT","Synonym for V_$PQ_TQSTAT"
"V$QUEUEING_MTH","Synonym for V_$QUEUEING_MTH"
"V$RESTORE_POINT","Synonym for V_$RESTORE_POINT"
"V$RSRC_CONSUMER_GROUP","Synonym for V_$RSRC_CONSUMER_GROUP"
"V$RSRC_CONSUMER_GROUP_CPU_MTH","Synonym for V_$RSRC_CONSUMER_GROUP_CPU_MTH"
"V$RSRC_CONS_GROUP_HISTORY","Synonym for V_$RSRC_CONS_GROUP_HISTORY"
"V$RSRC_PLAN","Synonym for V_$RSRC_PLAN"
"V$RSRC_PLAN_CPU_MTH","Synonym for V_$RSRC_PLAN_CPU_MTH"
"V$RSRC_PLAN_HISTORY","Synonym for V_$RSRC_PLAN_HISTORY"
"V$RSRC_SESSION_INFO","Synonym for V_$RSRC_SESSION_INFO"
"V$SESSION_CONNECT_INFO","Synonym for V_$SESSION_CONNECT_INFO"
"V$SESSION_LONGOPS","Synonym for V_$SESSION_LONGOPS"
"V$SQLFN_ARG_METADATA","Synonym for V_$SQLFN_ARG_METADATA"
"V$SQLFN_METADATA","Synonym for V_$SQLFN_METADATA"
"V$SQLPA_METRIC","Synonym for V_$SQLPA_METRIC"
"V$FLASHBACK_TXN_GRAPH","Synonym for V_$FLASHBACK_TXN_GRAPH"
"V$FLASHBACK_TXN_MODS","Synonym for V_$FLASHBACK_TXN_MODS"
"V$LOADISTAT","Synonym for V_$LOADISTAT"
"V$LOADPSTAT","Synonym for V_$LOADPSTAT"
"V$LOCK_ACTIVITY","Synonym for V_$LOCK_ACTIVITY"
"V$MAX_ACTIVE_SESS_TARGET_MTH","Synonym for V_$MAX_ACTIVE_SESS_TARGET_MTH"
"V$NLS_PARAMETERS","Synonym for V_$NLS_PARAMETERS"
"V$NLS_VALID_VALUES","Synonym for V_$NLS_VALID_VALUES"
"V$OPTION","Synonym for V_$OPTION"
"V$TEMPORARY_LOBS","Synonym for V_$TEMPORARY_LOBS"
"V$TIMEZONE_FILE","Synonym for V_$TIMEZONE_FILE"
"V$TIMEZONE_NAMES","Synonym for V_$TIMEZONE_NAMES"
"V$VERSION","Synonym for V_$VERSION"
"GV$DIAG_INFO","Synonym for GV_$DIAG_INFO"
"GV$OPTION","Synonym for GV_$OPTION"
"GV$PARALLEL_DEGREE_LIMIT_MTH","Synonym for GV_$PARALLEL_DEGREE_LIMIT_MTH"
"GV$PQ_SESSTAT","Synonym for GV_$PQ_SESSTAT"
"GV$PQ_TQSTAT","Synonym for GV_$PQ_TQSTAT"
"GV$QUEUEING_MTH","Synonym for GV_$QUEUEING_MTH"
"GV$RESTORE_POINT","Synonym for GV_$RESTORE_POINT"
"GV$RSRC_CONSUMER_GROUP","Synonym for GV_$RSRC_CONSUMER_GROUP"
"GV$RSRC_CONSUMER_GROUP_CPU_MTH","Synonym for GV_$RSRC_CONSUME_GROUP_CPU_MTH"
"GV$RSRC_CONS_GROUP_HISTORY","Synonym for GV_$RSRC_CONS_GROUP_HISTORY"
"GV$RSRC_PLAN","Synonym for GV_$RSRC_PLAN"
"GV$RSRC_PLAN_CPU_MTH","Synonym for GV_$RSRC_PLAN_CPU_MTH"
"GV$RSRC_PLAN_HISTORY","Synonym for GV_$RSRC_PLAN_HISTORY"
"GV$RSRC_SESSION_INFO","Synonym for GV_$RSRC_SESSION_INFO"
"GV$SESSION_LONGOPS","Synonym for GV_$SESSION_LONGOPS"
"GV$SQLFN_ARG_METADATA","Synonym for GV_$SQLFN_ARG_METADATA"
"GV$SQLFN_METADATA","Synonym for GV_$SQLFN_METADATA"
"GV$TEMPORARY_LOBS","Synonym for GV_$TEMPORARY_LOBS"
"GV$TIMEZONE_FILE","Synonym for GV_$TIMEZONE_FILE"
"GV$TIMEZONE_NAMES","Synonym for GV_$TIMEZONE_NAMES"
"GV$ACTIVE_INSTANCES","Synonym for GV_$ACTIVE_INSTANCES"
"GV$ACTIVE_SESS_POOL_MTH","Synonym for GV_$ACTIVE_SESS_POOL_MTH"
"GV$ADVISOR_CURRENT_SQLPLAN","Synonym for GV_$ADVISOR_CURRENT_SQLPLAN"
"GV$AW_LONGOPS","Synonym for GV_$AW_LONGOPS"
"GV$BH","Synonym for GV_$BH"
"GV$BLOCKING_QUIESCE","Synonym for GV_$BLOCKING_QUIESCE"
"V$BH","Synonym for V_$BH"
"V$BLOCKING_QUIESCE","Synonym for V_$BLOCKING_QUIESCE"
"V$DIAG_CRITICAL_ERROR","Synonym for V_$DIAG_CRITICAL_ERROR"
"SEQ","Synonym for USER_SEQUENCES"
"ALL_SOURCE_TABLES","Synonym for USER_SOURCE_TABLES"
"USER_SQLSET_DEFINITIONS","Synonym for USER_SQLSET"
"ALL_SUBSCRIBED_COLUMNS","Synonym for USER_SUBSCRIBED_COLUMNS"
"ALL_SUBSCRIBED_TABLES","Synonym for USER_SUBSCRIBED_TABLES"
"ALL_SUBSCRIPTIONS","Synonym for USER_SUBSCRIPTIONS"
"SYN","Synonym for USER_SYNONYMS"
"TABS","Synonym for USER_TABLES"
"COLS","Synonym for USER_TAB_COLUMNS"
"USER_HISTOGRAMS","Synonym for USER_TAB_HISTOGRAMS"
"GV$LOADISTAT","Synonym for GV_$LOADISTAT"
"GV$LOADPSTAT","Synonym for GV_$LOADPSTAT"
"GV$LOCK_ACTIVITY","Synonym for GV_$LOCK_ACTIVITY"
"GV$MAX_ACTIVE_SESS_TARGET_MTH","Synonym for GV_$MAX_ACTIVE_SESS_TARGET_MTH"
"GV$NLS_PARAMETERS","Synonym for GV_$NLS_PARAMETERS"
"GV$NLS_VALID_VALUES","Synonym for GV_$NLS_VALID_VALUES"
"SM$VERSION","Synonym for SM_$VERSION"
"USER_SNAPSHOT_REFRESH_TIMES","Synonym for USER_MVIEW_REFRESH_TIMES"
"OBJ","Synonym for USER_OBJECTS"
"ALL_OUTLINES","Synonym for USER_OUTLINES"
"ALL_OUTLINE_HINTS","Synonym for USER_OUTLINE_HINTS"
"ALL_PUBLISHED_COLUMNS","Synonym for USER_PUBLISHED_COLUMNS"
"RECYCLEBIN","Synonym for USER_RECYCLEBIN"
"V$DIAG_INFO","Synonym for V_$DIAG_INFO"
"DICT","Synonym for DICTIONARY"
"V$ACTIVE_INSTANCES","Synonym for V_$ACTIVE_INSTANCES"
"V$ACTIVE_SESS_POOL_MTH","Synonym for V_$ACTIVE_SESS_POOL_MTH"
"V$ADVISOR_CURRENT_SQLPLAN","Synonym for V_$ADVISOR_CURRENT_SQLPLAN"
"V$ADVISOR_PROGRESS","Synonym for V_$ADVISOR_PROGRESS"
"V$AW_LONGOPS","Synonym for V_$AW_LONGOPS"
"ALL_HISTOGRAMS","Synonym for ALL_TAB_HISTOGRAMS"
"GV$VERSION","Synonym for GV_$VERSION"
"IND","Synonym for USER_INDEXES"
"ALL_JOBS","Synonym for USER_JOBS"

804 rows selected. 

